{"derivative_lowpass":0.20000000298023224,"max_persistence_time":50,"max_scale":3.0,"n_avg_samples":21,"n_max_samples":300,"signal_lowpass":0.10000000149011612}
